accuracy,f1_m,loss,precision_m,recall_m,val_accuracy,val_f1_m,val_loss,val_precision_m,val_recall_m,learning_rate
0.819711446762085,0.033445678651332855,0.3814241886138916,0.024034881964325905,0.1722402274608612,0.9739848375320435,0.0097639886662364,0.2181054800748825,0.017994889989495277,0.0071075656451284885,9.999999747378752e-06
0.9705440402030945,0.008208360522985458,0.14523594081401825,0.023028524592518806,0.005228738766163588,0.9788373708724976,0.002495522378012538,0.17868001759052277,0.011650064028799534,0.0014262160984799266,9.999999747378752e-06
0.9744014143943787,0.0028636925853788853,0.12034879624843597,0.0257851704955101,0.0015322074759751558,0.9805282354354858,0.0009997495217248797,0.1412774622440338,0.0189447570592165,0.0005160907749086618,9.999999747378752e-06
0.9752711057662964,0.0013634198112413287,0.10714025050401688,0.03177623823285103,0.0006990166148170829,0.9807959198951721,0.0008030150202102959,0.11354779452085495,0.029374534264206886,0.00040784585871733725,9.999999747378752e-06
0.9755143523216248,0.0011708391830325127,0.09757168591022491,0.05070854350924492,0.0005933069041930139,0.9808989763259888,0.0010427357628941536,0.0986553207039833,0.05949018523097038,0.0005272242706269026,9.999999747378752e-06
0.9756022691726685,0.00172193453181535,0.09009014070034027,0.09949519485235214,0.0008703896892257035,0.9809219241142273,0.001474127289839089,0.0890275239944458,0.09862560033798218,0.0007443201611749828,9.999999747378752e-06
