accuracy,f1_m,loss,precision_m,recall_m,val_accuracy,val_f1_m,val_loss,val_precision_m,val_recall_m,learning_rate
0.7731760144233704,0.04579868167638779,0.45840609073638916,0.028710046783089638,0.28264138102531433,0.9673051238059998,0.016363225877285004,0.28282779455184937,0.02767166495323181,0.012532909400761127,9.999999747378752e-06
0.9613569378852844,0.02110489457845688,0.17819073796272278,0.026934055611491203,0.01973789557814598,0.9718047380447388,0.00780677841976285,0.22586879134178162,0.021717796102166176,0.004990071058273315,9.999999747378752e-06
0.9702093601226807,0.012213736772537231,0.14751847088336945,0.02727034129202366,0.008617810904979706,0.9749364852905273,0.0040249270386993885,0.19248218834400177,0.02616959623992443,0.0022252399940043688,9.999999747378752e-06
0.9733140468597412,0.007482091896235943,0.1290048062801361,0.026965709403157234,0.004544535651803017,0.9763341546058655,0.0017034533666446805,0.14464591443538666,0.04540727660059929,0.000871812051627785,9.999999747378752e-06
0.9749574661254883,0.004464006517082453,0.11576946824789047,0.02830313891172409,0.0024809117894619703,0.9765034914016724,0.0013001295737922192,0.12966106832027435,0.058328777551651,0.0006591242854483426,9.999999747378752e-06
0.9758090972900391,0.0030945825856179,0.10526347160339355,0.03372295945882797,0.0016437823651358485,0.9766316413879395,0.0013340894365683198,0.10811103880405426,0.11622143536806107,0.0006722171674482524,9.999999747378752e-06
