accuracy,f1_m,loss,precision_m,recall_m,val_accuracy,val_f1_m,val_loss,val_precision_m,val_recall_m,learning_rate
0.45016542077064514,0.045569855719804764,0.7501764893531799,0.02415158785879612,0.5684627890586853,0.9356842637062073,0.05018662288784981,0.4277440011501312,0.040262024849653244,0.07773365825414658,9.999999747378752e-06
0.9467973709106445,0.025061341002583504,0.21372376382350922,0.028579676523804665,0.03812234476208687,0.9763249158859253,0.003223117208108306,0.21327237784862518,0.07491021603345871,0.0016558930510655046,9.999999747378752e-06
0.9735175967216492,0.007785361260175705,0.14200066030025482,0.02994379773736,0.004619437735527754,0.9766737818717957,0.0007482560467906296,0.17870573699474335,0.14280153810977936,0.00037546816747635603,9.999999747378752e-06
0.9755820631980896,0.0036019724793732166,0.11738622933626175,0.033413514494895935,0.0019249609904363751,0.9766427874565125,0.0005636591813527048,0.13198626041412354,0.16853517293930054,0.0002828641445375979,9.999999747378752e-06
0.97627192735672,0.0021619845647364855,0.10453008860349655,0.042988672852516174,0.0011139406124129891,0.9766619205474854,0.0007468564435839653,0.10758114606142044,0.24484388530254364,0.0003753605706151575,9.999999747378752e-06
0.976550281047821,0.0019377843709662557,0.09579969942569733,0.06910203397274017,0.0009846421889960766,0.9766399264335632,0.005631427746266127,0.0957091674208641,0.4193519055843353,0.002855459926649928,9.999999747378752e-06
