accuracy,f1_m,loss,precision_m,recall_m,val_accuracy,val_f1_m,val_loss,val_precision_m,val_recall_m,learning_rate
0.9020569324493408,0.3396342992782593,0.9381933808326721,0.21498529613018036,0.9021937251091003,0.9573608636856079,0.4302254617214203,0.9502401351928711,0.2898912727832794,0.886168897151947,0.0010000000474974513
0.9386729001998901,0.4342529773712158,0.9361721277236938,0.28620848059654236,0.9505540728569031,0.9190333485603333,0.306639164686203,0.94987553358078,0.18570397794246674,0.9708072543144226,0.0010000000474974513
0.9430034756660461,0.4516230821609497,0.9359469413757324,0.30057665705680847,0.9556695222854614,0.9080264568328857,0.28243139386177063,0.9499582648277283,0.16789089143276215,0.9816498160362244,0.0010000000474974513
0.9426625370979309,0.45193225145339966,0.9359585046768188,0.3016555905342102,0.9554746150970459,0.9328900575637817,0.3448580205440521,0.9495084285736084,0.2127031832933426,0.9747095108032227,0.0010000000474974513
0.9480410814285278,0.47195327281951904,0.9357439279556274,0.31729578971862793,0.9591138362884521,0.9389557838439941,0.3644654452800751,0.949392557144165,0.2274540811777115,0.9725273251533508,0.0010000000474974513
0.950128972530365,0.4826602041721344,0.9356194138526917,0.3259841203689575,0.9627572298049927,0.9353864192962646,0.35305991768836975,0.9493937492370605,0.2186567783355713,0.9787776470184326,0.0010000000474974513
