accuracy,f1_m,loss,precision_m,recall_m,val_accuracy,val_f1_m,val_loss,val_precision_m,val_recall_m,learning_rate
0.9568451046943665,0.013967261649668217,0.2520901560783386,0.020751889795064926,0.01853068545460701,0.9733186960220337,0.0031325381714850664,0.25915417075157166,0.019528809934854507,0.0017563942819833755,9.999999747378752e-06
0.9754669070243835,0.0029370696283876896,0.1521432101726532,0.019812529906630516,0.0016395042184740305,0.9749406576156616,0.0006643740925937891,0.23449821770191193,0.018525505438447,0.00034021135070361197,9.999999747378752e-06
0.9766935110092163,0.0009159647161141038,0.13199831545352936,0.021378956735134125,0.00047501575318165123,0.9753455519676208,5.330661588232033e-05,0.21656957268714905,0.020569534972310066,2.6694884581957012e-05,9.999999747378752e-06
0.9770442843437195,0.00031379927531816065,0.1165810152888298,0.02255142107605934,0.00015864810848142952,0.9753745794296265,2.3853228412917815e-05,0.2029973417520523,0.013888888992369175,1.1942043784074485e-05,9.999999747378752e-06
0.9771318435668945,0.00013599744124803692,0.1045941710472107,0.029577268287539482,6.818826659582555e-05,0.9753757119178772,3.742469925782643e-05,0.19167575240135193,0.0347222238779068,1.8725375412032008e-05,9.999999747378752e-06
0.9771566390991211,0.00014553235087078065,0.09547554701566696,0.06153373792767525,7.288111373782158e-05,0.9753760695457458,9.463598689762875e-05,0.16836567223072052,0.07628967612981796,4.735871698358096e-05,9.999999747378752e-06
