accuracy,f1_m,loss,precision_m,recall_m,val_accuracy,val_f1_m,val_loss,val_precision_m,val_recall_m,learning_rate
0.7500482201576233,0.1600707769393921,0.9471173882484436,0.08955134451389313,0.9735766649246216,0.9767231941223145,0.0,0.9559462666511536,0.0,0.0,9.999999747378752e-05
0.8634535074234009,0.24144712090492249,0.9433006644248962,0.14186696708202362,0.9637574553489685,0.9774174690246582,0.1618802845478058,0.9537845849990845,0.6156051754951477,0.09745675325393677,9.999999747378752e-05
0.886372983455658,0.2722461223602295,0.9417940974235535,0.16282686591148376,0.9532627463340759,0.9460445046424866,0.3947241008281708,0.9428938031196594,0.27320370078086853,0.7894749045372009,9.999999747378752e-05
0.8995460271835327,0.2962920367717743,0.9410010576248169,0.1807033121585846,0.9470728039741516,0.9143582582473755,0.3237123489379883,0.9408990740776062,0.20207931101322174,0.9325761795043945,9.999999747378752e-05
0.903466522693634,0.303181916475296,0.9406949281692505,0.1870678961277008,0.9506295323371887,0.9216914772987366,0.34009113907814026,0.9404922723770142,0.21427768468856812,0.9333639740943909,9.999999747378752e-05
0.913686990737915,0.3262093663215637,0.940276026725769,0.20339195430278778,0.9503017067909241,0.8999767303466797,0.29800039529800415,0.9403813481330872,0.18114621937274933,0.9601917266845703,4.999999873689376e-05
0.9151795506477356,0.33006274700164795,0.940147876739502,0.20646096765995026,0.9536982774734497,0.938467800617218,0.3793990910053253,0.9410247206687927,0.24952907860279083,0.879840612411499,4.999999873689376e-05
0.9185336828231812,0.33959975838661194,0.9400231242179871,0.21333047747612,0.9496098756790161,0.9311104416847229,0.36713752150535583,0.9403877854347229,0.23643548786640167,0.9169859886169434,4.999999873689376e-05
