accuracy,f1_m,loss,precision_m,recall_m,val_accuracy,val_f1_m,val_loss,val_precision_m,val_recall_m,learning_rate
0.8769145607948303,0.261724591255188,0.941733717918396,0.15783774852752686,0.9351527094841003,0.9767231941223145,0.0,0.956004798412323,0.0,0.0,0.0010000000474974513
0.9045534729957581,0.30413123965263367,0.9403373003005981,0.1877826452255249,0.9431642889976501,0.9773069620132446,0.10058233886957169,0.9549134373664856,0.6625910401344299,0.0559157133102417,0.0010000000474974513
0.9098671078681946,0.318998247385025,0.9401490688323975,0.1987331211566925,0.9431853294372559,0.9397943019866943,0.38711535930633545,0.9405224323272705,0.25693777203559875,0.8783960342407227,0.0010000000474974513
0.9118342995643616,0.32184383273124695,0.9400834441184998,0.20166656374931335,0.9465722441673279,0.8909645676612854,0.28601324558258057,0.9399251937866211,0.1721019744873047,0.970133364200592,0.0010000000474974513
0.9190915822982788,0.3407251536846161,0.9397199749946594,0.21410682797431946,0.9539400339126587,0.9081776738166809,0.31401437520980835,0.9398308992385864,0.1926160603761673,0.9612900614738464,0.0010000000474974513
0.9250247478485107,0.3600732386112213,0.9393737316131592,0.2287880927324295,0.9577124118804932,0.9343627691268921,0.3836611807346344,0.9394607543945312,0.24860768020153046,0.9401376843452454,0.0005000000237487257
0.9185152053833008,0.3390085697174072,0.9397682547569275,0.21426990628242493,0.9576175808906555,0.8699243664741516,0.2537931203842163,0.9403972625732422,0.14986534416675568,0.974187433719635,0.0005000000237487257
0.9275223612785339,0.3655202388763428,0.9394274950027466,0.23410679399967194,0.9575940370559692,0.8878999948501587,0.2794889807701111,0.9399289488792419,0.16732190549373627,0.9775063991546631,0.0005000000237487257
