accuracy,f1_m,loss,precision_m,recall_m,val_accuracy,val_f1_m,val_loss,val_precision_m,val_recall_m,learning_rate
0.6720674633979797,0.12608152627944946,0.9485952854156494,0.06901585310697556,0.9455083608627319,0.9747315049171448,4.470671683520777e-06,0.9533590078353882,0.02083333022892475,2.2355759483616566e-06,9.999999747378752e-05
0.8466329574584961,0.22019115090370178,0.9444782137870789,0.12824133038520813,0.9496569037437439,0.9720625877380371,0.44287610054016113,0.9447065591812134,0.45160460472106934,0.47342100739479065,9.999999747378752e-05
0.8983818292617798,0.29133838415145874,0.942484438419342,0.17898443341255188,0.9443404078483582,0.9589732885360718,0.4556618928909302,0.9400995373725891,0.3426167666912079,0.745765745639801,9.999999747378752e-05
0.9107995629310608,0.3157014846801758,0.9417138695716858,0.19722884893417358,0.948520839214325,0.9558830857276917,0.4760504961013794,0.9377825260162354,0.3370070159435272,0.8543550968170166,9.999999747378752e-05
0.9209731221199036,0.3425152003765106,0.9411138892173767,0.21706782281398773,0.95176762342453,0.9369450807571411,0.40305015444755554,0.9370130896568298,0.264289915561676,0.9206036925315857,9.999999747378752e-05
0.9283041954040527,0.36479073762893677,0.9406731128692627,0.2334974855184555,0.9531828761100769,0.9516651630401611,0.46606186032295227,0.93657386302948,0.3180030882358551,0.9150769114494324,4.999999873689376e-05
0.9304362535476685,0.3699604570865631,0.9406280517578125,0.23816317319869995,0.9552251696586609,0.9519639015197754,0.4662483036518097,0.9365109205245972,0.31863752007484436,0.9157845973968506,4.999999873689376e-05
0.9303367137908936,0.37175169587135315,0.9404823184013367,0.23957540094852448,0.9579712748527527,0.9333340525627136,0.40158572793006897,0.9365410804748535,0.26406845450401306,0.9330701231956482,4.999999873689376e-05
0.9304622411727905,0.37184131145477295,0.9404089450836182,0.2401968240737915,0.9577648639678955,0.9302580952644348,0.39116013050079346,0.9365979433059692,0.2560535967350006,0.9324853420257568,4.999999873689376e-05
