accuracy,f1_m,loss,precision_m,recall_m,val_accuracy,val_f1_m,val_loss,val_precision_m,val_recall_m,learning_rate
0.88913494348526,0.32445573806762695,0.9393389821052551,0.20256714522838593,0.9519090056419373,0.979822039604187,0.005314965266734362,0.9612917304039001,0.5527779459953308,0.0026822101790457964,0.0010000000474974513
0.9309118390083313,0.3928309381008148,0.9372062683105469,0.25330591201782227,0.9550351500511169,0.9766852855682373,0.529898464679718,0.9497267603874207,0.4475093185901642,0.6934054493904114,0.0010000000474974513
0.9365953207015991,0.4121747612953186,0.9369281530380249,0.2685534358024597,0.9588267207145691,0.9481046795845032,0.42100927233695984,0.9462110996246338,0.2781654894351959,0.9431609511375427,0.0010000000474974513
0.9375614523887634,0.4162110686302185,0.9368387460708618,0.27182552218437195,0.9610154628753662,0.9449723958969116,0.40519312024116516,0.9462922215461731,0.26480570435523987,0.9441637396812439,0.0010000000474974513
0.9400116205215454,0.4254535138607025,0.9367505311965942,0.2793520987033844,0.9622966647148132,0.9314783215522766,0.3613918721675873,0.9461351633071899,0.2261705994606018,0.9734892845153809,0.0010000000474974513
0.9451841115951538,0.44684380292892456,0.9365322589874268,0.2970215082168579,0.9662612676620483,0.9466962218284607,0.41636988520622253,0.9459190964698792,0.2710708677768707,0.9641417860984802,0.0005000000237487257
0.9469510912895203,0.4546586573123932,0.9364617466926575,0.3035060465335846,0.9674398899078369,0.9433866739273071,0.40317222476005554,0.9459660053253174,0.2602814733982086,0.9661552309989929,0.0005000000237487257
