accuracy,f1_m,loss,precision_m,recall_m,val_accuracy,val_f1_m,val_loss,val_precision_m,val_recall_m,learning_rate
0.8664977550506592,0.293866902589798,0.9392158389091492,0.17909491062164307,0.9509803652763367,0.9274449348449707,0.3152289092540741,0.9508245587348938,0.19422613084316254,0.9200636744499207,0.0010000000474974513
0.9288342595100403,0.386404424905777,0.9365922808647156,0.2465886026620865,0.9499149322509766,0.9629536867141724,0.4494464695453644,0.9507325887680054,0.31209802627563477,0.8516959547996521,0.0010000000474974513
0.9356348514556885,0.4118165671825409,0.936200737953186,0.2668691873550415,0.95579594373703,0.9482504725456238,0.387868195772171,0.9500278830528259,0.2518323063850403,0.9164718985557556,0.0010000000474974513
0.9393981099128723,0.4268573820590973,0.9360159635543823,0.2792503237724304,0.9589006900787354,0.9517378211021423,0.4064282476902008,0.9498512744903564,0.2651478350162506,0.9254364371299744,0.0010000000474974513
0.9416552782058716,0.4367636740207672,0.9358802437782288,0.2873449921607971,0.9615737795829773,0.8832381367683411,0.23723070323467255,0.9504085183143616,0.13714276254177094,0.9875445365905762,0.0010000000474974513
0.9434661269187927,0.44506964087486267,0.9357839226722717,0.2943266034126282,0.963684618473053,0.9320736527442932,0.33911994099617004,0.9496778845787048,0.2097431868314743,0.9645509123802185,0.0010000000474974513
0.9453871250152588,0.4548076093196869,0.9356877207756042,0.30278417468070984,0.9655387997627258,0.938413143157959,0.35759034752845764,0.9497392177581787,0.2249404639005661,0.9508245587348938,0.0010000000474974513
