accuracy,f1_m,loss,precision_m,recall_m,val_accuracy,val_f1_m,val_loss,val_precision_m,val_recall_m,learning_rate
0.8927079439163208,0.32233408093452454,0.9383328557014465,0.19992510974407196,0.9390584230422974,0.9831133484840393,0.2504601776599884,0.9611883759498596,0.7442026734352112,0.15584108233451843,0.0010000000474974513
0.9369572401046753,0.41829484701156616,0.9361646771430969,0.2726980447769165,0.9555366039276123,0.9735386371612549,0.519774317741394,0.9510127902030945,0.39060139656066895,0.8040778636932373,0.0010000000474974513
0.943717896938324,0.44610095024108887,0.9358097314834595,0.2954866588115692,0.9630519151687622,0.9309583306312561,0.33890190720558167,0.9495741724967957,0.20821894705295563,0.9730836749076843,0.0010000000474974513
0.9464187026023865,0.45839256048202515,0.935666024684906,0.30559173226356506,0.9662334322929382,0.9498259425163269,0.4070042073726654,0.949735701084137,0.2655245363712311,0.9368104934692383,0.0010000000474974513
0.9455921649932861,0.454850971698761,0.9357205033302307,0.30306315422058105,0.9643281102180481,0.9132660031318665,0.2963382303714752,0.9497694969177246,0.17761914432048798,0.9861998558044434,0.0010000000474974513
0.9495425224304199,0.4732417166233063,0.9355123043060303,0.31810879707336426,0.9693162441253662,0.9544959664344788,0.43163976073265076,0.9492576122283936,0.2822985351085663,0.9564328789710999,0.0005000000237487257
0.9523351192474365,0.4874255061149597,0.9354182481765747,0.33068838715553284,0.9699758291244507,0.9591212272644043,0.4508139193058014,0.9493067860603333,0.3006865382194519,0.9460117220878601,0.0005000000237487257
