accuracy,f1_m,loss,precision_m,recall_m,val_accuracy,val_f1_m,val_loss,val_precision_m,val_recall_m,learning_rate
0.8552104830741882,0.2443835586309433,0.9422073364257812,0.14412610232830048,0.9299693703651428,0.9767749309539795,0.004781551193445921,0.9559918642044067,0.6581290364265442,0.0024068362545222044,0.0010000000474974513
0.9090432524681091,0.31770339608192444,0.9400196671485901,0.19472023844718933,0.935844898223877,0.9697027802467346,0.36255308985710144,0.948534369468689,0.3509334623813629,0.4119292199611664,0.0010000000474974513
0.9150988459587097,0.333360880613327,0.9397372007369995,0.20612891018390656,0.9407404065132141,0.9218414425849915,0.33557987213134766,0.940783679485321,0.21278567612171173,0.8826636672019958,0.0010000000474974513
0.9159888029098511,0.3372386693954468,0.9396283626556396,0.20893052220344543,0.9435229897499084,0.8984148502349854,0.2811066210269928,0.9423463344573975,0.17595446109771729,0.8313677310943604,0.0010000000474974513
0.9148750901222229,0.333929181098938,0.9396370053291321,0.20638172328472137,0.944932222366333,0.6974835991859436,0.12945498526096344,0.9444209933280945,0.07050292938947678,0.9726272225379944,0.0010000000474974513
0.9228039383888245,0.35717910528182983,0.9393094182014465,0.2238507717847824,0.9509902000427246,0.8820241689682007,0.26933959126472473,0.9399832487106323,0.16003981232643127,0.9795312285423279,0.0005000000237487257
0.9261408448219299,0.3685644567012787,0.9391887187957764,0.23286369442939758,0.952593982219696,0.8262194991111755,0.19982630014419556,0.9416263699531555,0.11360975354909897,0.9698601365089417,0.0005000000237487257
