accuracy,f1_m,loss,precision_m,recall_m,val_accuracy,val_f1_m,val_loss,val_precision_m,val_recall_m,learning_rate
0.9111272692680359,0.20436161756515503,0.3683910071849823,0.35774484276771545,0.2948945462703705,0.9755286574363708,0.3785906136035919,0.2781134843826294,0.3640700578689575,0.41769590973854065,9.999999747378752e-05
0.9793375134468079,0.3788217604160309,0.15936294198036194,0.6958747506141663,0.27279525995254517,0.9822408556938171,0.45475614070892334,0.13596902787685394,0.5382376313209534,0.40868744254112244,9.999999747378752e-05
0.9813434481620789,0.5058130621910095,0.10550642758607864,0.6987439393997192,0.40707433223724365,0.9843357801437378,0.4782209098339081,0.08619149029254913,0.6161728501319885,0.4028739035129547,9.999999747378752e-05
0.9824919104576111,0.5607642531394958,0.08028105646371841,0.7049910426139832,0.47748863697052,0.9825412034988403,0.4311800003051758,0.07225870341062546,0.5561823844909668,0.37213078141212463,9.999999747378752e-05
0.9831956624984741,0.588836669921875,0.06720708310604095,0.7111431956291199,0.5143660306930542,0.9793262481689453,0.4462486803531647,0.06931057572364807,0.5165101885795593,0.4290241301059723,9.999999747378752e-05
0.9837703704833984,0.6077799797058105,0.05999599024653435,0.7208200693130493,0.5356555581092834,0.981829047203064,0.47238945960998535,0.06242448836565018,0.5725714564323425,0.43074700236320496,4.999999873689376e-05
0.9844470024108887,0.630373477935791,0.055518075823783875,0.7283371090888977,0.5660334825515747,0.9830569624900818,0.4749264717102051,0.056630104780197144,0.584688127040863,0.42474889755249023,4.999999873689376e-05
0.9847613573074341,0.6384866237640381,0.05251935496926308,0.7322155833244324,0.5760200619697571,0.9820315837860107,0.4710509777069092,0.056309252977371216,0.5717853307723999,0.4303974211215973,4.999999873689376e-05
