accuracy,f1_m,loss,precision_m,recall_m,val_accuracy,val_f1_m,val_loss,val_precision_m,val_recall_m,learning_rate
0.6207243800163269,0.08691957592964172,0.9517877101898193,0.04639914631843567,0.7649538516998291,0.9749836921691895,0.005912861321121454,0.9550822973251343,0.11754975467920303,0.0034563252702355385,9.999999747378752e-06
0.7254542112350464,0.13796097040176392,0.9476014375686646,0.0749616026878357,0.9553514719009399,0.9655538201332092,0.24194085597991943,0.9525689482688904,0.27410072088241577,0.23936010897159576,9.999999747378752e-06
0.7653970122337341,0.15945370495319366,0.9461451172828674,0.08764384686946869,0.971057116985321,0.927053689956665,0.31335416436195374,0.9464855194091797,0.20247095823287964,0.7703103423118591,9.999999747378752e-06
0.7947445511817932,0.17829462885856628,0.9452746510505676,0.09909886121749878,0.9736464619636536,0.8712297081947327,0.23962070047855377,0.9443586468696594,0.14038218557834625,0.9317424297332764,9.999999747378752e-06
0.8190194964408875,0.19707761704921722,0.9445900321006775,0.11080247908830643,0.9733748435974121,0.8640878796577454,0.23354244232177734,0.9439717531204224,0.13592465221881866,0.9470471739768982,9.999999747378752e-06
0.8343832492828369,0.21094819903373718,0.9441472291946411,0.11961279064416885,0.9723931550979614,0.8707396388053894,0.24197076261043549,0.9437392950057983,0.14161621034145355,0.9459648132324219,4.999999873689376e-06
0.8444921970367432,0.22142773866653442,0.9438561201095581,0.12636563181877136,0.9725770354270935,0.8741503953933716,0.24620045721530914,0.9435951709747314,0.14454080164432526,0.9441728591918945,4.999999873689376e-06
0.8535678386688232,0.23165646195411682,0.9435887336730957,0.13306936621665955,0.9715901613235474,0.8862988948822021,0.26257291436195374,0.9434181451797485,0.1562643200159073,0.9339609742164612,4.999999873689376e-06
