accuracy,f1_m,loss,precision_m,recall_m,val_accuracy,val_f1_m,val_loss,val_precision_m,val_recall_m,learning_rate
0.7238358855247498,0.15362130105495453,0.9451982378959656,0.08590112626552582,0.9291443824768066,0.9797748923301697,2.2741651264368556e-05,0.9610869288444519,0.0277777761220932,1.1375671419955324e-05,9.999999747378752e-05
0.870097279548645,0.2520507872104645,0.9409833550453186,0.1506345272064209,0.9434680938720703,0.9807509779930115,0.23378783464431763,0.9587570428848267,0.5854437351226807,0.15488587319850922,9.999999747378752e-05
0.901390790939331,0.3050638735294342,0.93946772813797,0.18788640201091766,0.9443256855010986,0.9594013690948486,0.42694613337516785,0.9492039680480957,0.3006347417831421,0.7951040267944336,9.999999747378752e-05
0.9164057374000549,0.3400198817253113,0.9386130571365356,0.2145157903432846,0.9498845338821411,0.9590409398078918,0.4205370247364044,0.9489043354988098,0.29628926515579224,0.79643315076828,9.999999747378752e-05
0.9238190650939941,0.3608190417289734,0.9381614327430725,0.2307082563638687,0.9507505893707275,0.9027625918388367,0.280912846326828,0.9473714828491211,0.16748976707458496,0.9616133570671082,9.999999747378752e-05
0.929779589176178,0.3791820704936981,0.9378237724304199,0.24582363665103912,0.9579418897628784,0.926790177822113,0.3398328125476837,0.946771502494812,0.20985084772109985,0.9595040678977966,4.999999873689376e-05
0.9334309697151184,0.3895350396633148,0.9377392530441284,0.25408434867858887,0.9586042761802673,0.9407852292060852,0.3794713318347931,0.9466629028320312,0.2414432168006897,0.9398497939109802,4.999999873689376e-05
0.9348798990249634,0.39408761262893677,0.9376260638237,0.25832846760749817,0.9593753814697266,0.943447470664978,0.39256396889686584,0.9465028643608093,0.2519005239009857,0.9423534274101257,4.999999873689376e-05
