accuracy,f1_m,loss,precision_m,recall_m,val_accuracy,val_f1_m,val_loss,val_precision_m,val_recall_m,learning_rate
0.40968310832977295,0.06977076828479767,0.9515695571899414,0.036550018936395645,0.9470618963241577,0.906478226184845,0.06750840693712234,0.9552651643753052,0.04548383131623268,0.15781618654727936,9.999999747378752e-06
0.6268333196640015,0.10830161720514297,0.9491277933120728,0.05798874795436859,0.9833617210388184,0.9340078830718994,0.21081562340259552,0.9527658820152283,0.14777415990829468,0.41670718789100647,9.999999747378752e-06
0.7112926840782166,0.1349225491285324,0.9478917717933655,0.07346132397651672,0.984771728515625,0.8329035043716431,0.20017081499099731,0.9473950266838074,0.11476176977157593,0.9242517948150635,9.999999747378752e-06
0.7524569630622864,0.15272504091262817,0.9471304416656494,0.08434544503688812,0.9837257862091064,0.7816911339759827,0.16802120208740234,0.9467616081237793,0.09368896484375,0.9683558344841003,9.999999747378752e-06
0.7804644703865051,0.16826044023036957,0.9464967846870422,0.09399063885211945,0.9817578792572021,0.7813144326210022,0.16903424263000488,0.9464035034179688,0.09434065967798233,0.9720808863639832,9.999999747378752e-06
0.8011577129364014,0.18253111839294434,0.9459492564201355,0.10230622440576553,0.9790751934051514,0.8048923015594482,0.18428583443164825,0.9460203647613525,0.10388059169054031,0.9678923487663269,4.999999873689376e-06
0.8117015957832336,0.19126765429973602,0.9456523060798645,0.10779865831136703,0.979820191860199,0.8113301992416382,0.1886744648218155,0.9457799196243286,0.10656437277793884,0.9682795405387878,4.999999873689376e-06
