accuracy,f1_m,loss,precision_m,recall_m,val_accuracy,val_f1_m,val_loss,val_precision_m,val_recall_m,learning_rate
0.714236319065094,0.14380764961242676,0.9459033012390137,0.07934804260730743,0.9024267792701721,0.980980634689331,0.004922478459775448,0.9634844064712524,0.22644448280334473,0.0025453800335526466,9.999999747378752e-05
0.879813551902771,0.27431389689445496,0.9407777786254883,0.1626858115196228,0.9464814066886902,0.976311445236206,0.4316381514072418,0.9570325613021851,0.39583587646484375,0.5006788372993469,9.999999747378752e-05
0.9103727340698242,0.33453041315078735,0.9387283325195312,0.20598845183849335,0.9505407810211182,0.9427716135978699,0.35877320170402527,0.9520964622497559,0.22773021459579468,0.8867765069007874,9.999999747378752e-05
0.9234960675239563,0.37054479122161865,0.9376659989356995,0.23347631096839905,0.9537792801856995,0.9206335544586182,0.3042753040790558,0.9511812925338745,0.1846846491098404,0.9360749125480652,9.999999747378752e-05
0.9294763207435608,0.3899191915988922,0.9370927810668945,0.24884308874607086,0.9559007287025452,0.8787594437599182,0.23083056509494781,0.9512693881988525,0.13396763801574707,0.9573923945426941,9.999999747378752e-05
0.9342400431632996,0.4071343243122101,0.9366862773895264,0.26236075162887573,0.960841715335846,0.9430662989616394,0.3728959560394287,0.9502554535865784,0.23529589176177979,0.9412326812744141,4.999999873689376e-05
0.9380162358283997,0.4218745529651642,0.9364561438560486,0.27447274327278137,0.9629948139190674,0.9505478143692017,0.4018627405166626,0.9501258730888367,0.25885090231895447,0.9296562075614929,4.999999873689376e-05
