accuracy,f1_m,loss,precision_m,recall_m,val_accuracy,val_f1_m,val_loss,val_precision_m,val_recall_m,learning_rate
0.800471305847168,0.190770223736763,0.9453707337379456,0.10756975412368774,0.9619996547698975,0.967038094997406,0.40940389037132263,0.948061466217041,0.35022974014282227,0.5330066084861755,9.999999747378752e-05
0.8838546872138977,0.2713465094566345,0.9421175718307495,0.16044336557388306,0.9537751078605652,0.9437015652656555,0.38763830065727234,0.9427188038825989,0.2610744833946228,0.8241283297538757,9.999999747378752e-05
0.9012025594711304,0.30240702629089355,0.94093918800354,0.18273647129535675,0.947477400302887,0.9208918809890747,0.33430513739585876,0.941741943359375,0.21388769149780273,0.875531017780304,9.999999747378752e-05
0.9101980924606323,0.3221905827522278,0.9403454065322876,0.19732336699962616,0.9451548457145691,0.9303145408630371,0.3505765497684479,0.941502034664154,0.22801728546619415,0.8585801124572754,9.999999747378752e-05
0.9159814119338989,0.33730176091194153,0.9399927258491516,0.208862766623497,0.9450486898422241,0.9413059949874878,0.38946080207824707,0.9408475160598755,0.2590285837650299,0.8706734776496887,9.999999747378752e-05
0.921891450881958,0.3540167212486267,0.939689576625824,0.221636563539505,0.9468809962272644,0.928375244140625,0.36094221472740173,0.9401776194572449,0.23128724098205566,0.9197490811347961,9.999999747378752e-05
