accuracy,f1_m,loss,precision_m,recall_m,val_accuracy,val_f1_m,val_loss,val_precision_m,val_recall_m,learning_rate
0.9741535782814026,0.2789795398712158,0.10402628779411316,0.5152172446250916,0.2241949737071991,0.9767231941223145,0.0,0.11654767394065857,0.0,0.0,0.0010000000474974513
0.9811621904373169,0.4950648546218872,0.04978014528751373,0.6646388173103333,0.42677754163742065,0.9767231941223145,0.0,0.13361001014709473,0.0,0.0,0.0010000000474974513
0.9828551411628723,0.5601708889007568,0.043965086340904236,0.6938747763633728,0.4949459731578827,0.9767231941223145,0.0,0.15182943642139435,0.0,0.0,0.0010000000474974513
0.9839717745780945,0.5957032442092896,0.04067940264940262,0.7127898931503296,0.5349182486534119,0.9767231941223145,0.0,0.24080559611320496,0.0,0.0,0.0010000000474974513
0.9848654270172119,0.6216022968292236,0.03868839144706726,0.7283026576042175,0.5607547760009766,0.9767231941223145,0.0,0.21545277535915375,0.0,0.0,0.0010000000474974513
0.9856047630310059,0.6419644951820374,0.03675711527466774,0.7416824102401733,0.5803415775299072,0.9767231941223145,0.0,0.19422872364521027,0.0,0.0,0.0005000000237487257
