accuracy,f1_m,loss,precision_m,recall_m,val_accuracy,val_f1_m,val_loss,val_precision_m,val_recall_m,learning_rate
0.966455340385437,0.1504770815372467,0.1352262645959854,0.5732728242874146,0.1179577186703682,0.9767279624938965,0.0005985735333524644,0.10054285079240799,0.14775584638118744,0.0003004921309184283,0.0010000000474974513
0.9788320064544678,0.3422146141529083,0.05732819437980652,0.630802571773529,0.2516631782054901,0.9767400622367859,0.34032925963401794,0.06128857284784317,0.5017732381820679,0.27240654826164246,0.0010000000474974513
0.979889452457428,0.41058966517448425,0.05138356238603592,0.6503523588180542,0.32027682662010193,0.97690749168396,0.4953429698944092,0.05595020949840546,0.49648210406303406,0.5299592614173889,0.0010000000474974513
0.9807057976722717,0.45799702405929565,0.048210617154836655,0.6607016324996948,0.3724784553050995,0.9780557155609131,0.5146450400352478,0.05392787232995033,0.5123254060745239,0.5490445494651794,0.0010000000474974513
0.9811223745346069,0.47951868176460266,0.047293439507484436,0.6655096411705017,0.3961535692214966,0.9756534695625305,0.1614905744791031,0.18692755699157715,0.4529859125614166,0.10859659314155579,0.0010000000474974513
0.9820597767829895,0.5153376460075378,0.044581297785043716,0.684846818447113,0.42994171380996704,0.9827857613563538,0.508451521396637,0.04637455195188522,0.6829460263252258,0.4281338155269623,0.0005000000237487257
0.9826680421829224,0.5377623438835144,0.04324150085449219,0.7012748122215271,0.4546644389629364,0.9828985333442688,0.4524920880794525,0.04712621867656708,0.7584996223449707,0.3410569727420807,0.0005000000237487257
0.9832258224487305,0.5599844455718994,0.04217831417918205,0.7056100964546204,0.48011860251426697,0.981453001499176,0.33631375432014465,0.05035176873207092,0.8169694542884827,0.22495436668395996,0.0005000000237487257
0.9836919903755188,0.5742557644844055,0.041126515716314316,0.7159952521324158,0.496194064617157,0.9823500514030457,0.4139302968978882,0.04965420812368393,0.7736002802848816,0.3005961775779724,0.0005000000237487257
