accuracy,f1_m,loss,precision_m,recall_m,val_accuracy,val_f1_m,val_loss,val_precision_m,val_recall_m,learning_rate
0.7700271010398865,0.17545358836650848,0.9438595175743103,0.09822377562522888,0.9383381009101868,0.9260395765304565,0.29706987738609314,0.9557633996009827,0.2021389752626419,0.714946985244751,9.999999747378752e-05
0.8855373859405518,0.284076064825058,0.9395856261253357,0.16947418451309204,0.9472085237503052,0.9233332872390747,0.3050442934036255,0.9523330926895142,0.18878985941410065,0.889014482498169,9.999999747378752e-05
0.9171113967895508,0.3526446223258972,0.9378810524940491,0.22000649571418762,0.9489821791648865,0.9299746751785278,0.32625722885131836,0.9510020017623901,0.20146232843399048,0.9253373146057129,9.999999747378752e-05
0.929469883441925,0.38944727182388306,0.9370800852775574,0.24888373911380768,0.9515669941902161,0.9556334018707275,0.4145974814891815,0.950853705406189,0.27605193853378296,0.877220869064331,9.999999747378752e-05
0.9352020025253296,0.4105299413204193,0.9366369247436523,0.2659133970737457,0.9547250270843506,0.9380040168762207,0.355390340089798,0.9504493474960327,0.22427959740161896,0.9182164072990417,9.999999747378752e-05
0.9398181438446045,0.42880478501319885,0.9363272786140442,0.28090381622314453,0.9589016437530518,0.9498707056045532,0.397202730178833,0.9501477479934692,0.25689858198165894,0.9191460609436035,4.999999873689376e-05
0.9430630207061768,0.44297733902931213,0.9361485242843628,0.29278886318206787,0.9610871076583862,0.9408289790153503,0.36476650834083557,0.950099527835846,0.2307502031326294,0.9343299269676208,4.999999873689376e-05
0.9461170434951782,0.4568955600261688,0.9360029697418213,0.30473804473876953,0.9620962738990784,0.939453125,0.36422571539878845,0.9501264095306396,0.23146015405654907,0.9314968585968018,4.999999873689376e-05
0.947079062461853,0.462536096572876,0.9358972907066345,0.3097459673881531,0.9643619060516357,0.9322584271430969,0.34050261974334717,0.9501835703849792,0.21262317895889282,0.9372888207435608,4.999999873689376e-05
