accuracy,f1_m,loss,precision_m,recall_m,val_accuracy,val_f1_m,val_loss,val_precision_m,val_recall_m,learning_rate
0.5714141726493835,0.05122407153248787,0.7748017907142639,0.027331223711371422,0.4775528609752655,0.5754367113113403,0.03537576645612717,0.9975453615188599,0.018643585965037346,0.4260798990726471,9.999999747378752e-06
0.8669235706329346,0.057636260986328125,0.6306098103523254,0.03599019721150398,0.1731400191783905,0.8165479898452759,0.03201567754149437,0.5018836855888367,0.018077882006764412,0.16996026039123535,9.999999747378752e-06
0.945070207118988,0.050779614597558975,0.5449661016464233,0.045040447264909744,0.06272885203361511,0.9264061450958252,0.028325503692030907,0.29774293303489685,0.01944672502577305,0.061383213847875595,9.999999747378752e-06
0.9610694646835327,0.04305844008922577,0.4737376570701599,0.05467082932591438,0.03736192360520363,0.9639651775360107,0.016899660229682922,0.2964496910572052,0.018267922103405,0.017520710825920105,9.999999747378752e-06
0.9682770371437073,0.031562384217977524,0.4180452227592468,0.06130494177341461,0.02176899090409279,0.9772754907608032,0.00595565652474761,0.36006006598472595,0.015810517594218254,0.00437817070633173,9.999999747378752e-06
0.9715136885643005,0.02436721883714199,0.3756430447101593,0.0735461637377739,0.014899469912052155,0.9799213409423828,0.002020395128056407,0.3432219922542572,0.013051888905465603,0.0011784381931647658,9.999999747378752e-06
