accuracy,f1_m,loss,precision_m,recall_m,val_accuracy,val_f1_m,val_loss,val_precision_m,val_recall_m,learning_rate
0.8860837817192078,0.04394983872771263,0.4161781966686249,0.029197918251156807,0.11381334066390991,0.9279822111129761,0.03211747482419014,0.34064048528671265,0.022412193939089775,0.06274052709341049,9.999999747378752e-06
0.9593322277069092,0.024526385590434074,0.340554803609848,0.033598773181438446,0.02445557713508606,0.9743250608444214,0.009160076268017292,0.2125275433063507,0.021086618304252625,0.006073427852243185,9.999999747378752e-06
0.9749718308448792,0.0033636491280049086,0.2754341959953308,0.039054419845342636,0.0018698908388614655,0.9777769446372986,0.003984975162893534,0.18870912492275238,0.019682148471474648,0.0022660191170871258,9.999999747378752e-06
0.9760590195655823,5.231821705820039e-05,0.22909462451934814,0.01662137359380722,2.625143861223478e-05,0.9797583222389221,1.494232037657639e-05,0.1979883760213852,0.010416666977107525,7.47652347854455e-06,9.999999747378752e-06
0.9760774374008179,0.0,0.20175664126873016,0.0,0.0,0.9797776341438293,0.0,0.17802268266677856,0.0,0.0,9.999999747378752e-06
0.9760782122612,0.0,0.1841907799243927,0.0,0.0,0.9797788262367249,2.634629163367208e-05,0.1662641167640686,0.0119047611951828,1.3187741387810092e-05,9.999999747378752e-06
