accuracy,f1_m,loss,precision_m,recall_m,val_accuracy,val_f1_m,val_loss,val_precision_m,val_recall_m,learning_rate
0.7370356321334839,0.09588854759931564,0.561969518661499,0.05311848968267441,0.5654698014259338,0.9558910727500916,0.09914744645357132,0.4080246686935425,0.10109632462263107,0.10793984681367874,9.999999747378752e-06
0.8936583399772644,0.2089918851852417,0.4349628686904907,0.12939389050006866,0.6113369464874268,0.9565214514732361,0.24470078945159912,0.34384483098983765,0.20850194990634918,0.32279327511787415,9.999999747378752e-06
0.9490260481834412,0.2915485203266144,0.36274269223213196,0.22065070271492004,0.47200432419776917,0.9641672372817993,0.3036086857318878,0.3212381601333618,0.281949520111084,0.35594239830970764,9.999999747378752e-06
0.9680110812187195,0.3134218752384186,0.3137493133544922,0.3156111240386963,0.3331351578235626,0.9705209732055664,0.2822435200214386,0.2938876748085022,0.35662803053855896,0.2543407380580902,9.999999747378752e-06
0.9736600518226624,0.27281731367111206,0.27643561363220215,0.37859609723091125,0.22402584552764893,0.9735403656959534,0.211766317486763,0.2674326002597809,0.42484334111213684,0.15507952868938446,9.999999747378752e-06
0.9752413630485535,0.23712250590324402,0.25474947690963745,0.4119322896003723,0.17323966324329376,0.9745043516159058,0.1623280793428421,0.2517334520816803,0.4691852629184723,0.10786750912666321,4.999999873689376e-06
0.9758425354957581,0.21998780965805054,0.243097722530365,0.4329359233379364,0.15315943956375122,0.9744855165481567,0.14091402292251587,0.24243471026420593,0.48476341366767883,0.09133776277303696,4.999999873689376e-06
0.9761511087417603,0.2050742655992508,0.23279863595962524,0.44481655955314636,0.13776977360248566,0.9744893908500671,0.13165371119976044,0.23510394990444183,0.5003380179405212,0.08474112302064896,4.999999873689376e-06
