accuracy,f1_m,loss,precision_m,recall_m,val_accuracy,val_f1_m,val_loss,val_precision_m,val_recall_m,learning_rate
0.035970453172922134,0.04449232667684555,1.3172733783721924,0.02285812981426716,0.9880602359771729,0.05451909080147743,0.04775571450591087,10.779589653015137,0.02465020678937435,0.9655576348304749,9.999999747378752e-06
0.04563857242465019,0.044189006090164185,0.988969624042511,0.022707724943757057,0.971886396408081,0.30036646127700806,0.046619340777397156,8.588851928710938,0.024337440729141235,0.6989417672157288,9.999999747378752e-06
0.06316865235567093,0.04344332218170166,0.8726855516433716,0.02236871048808098,0.9398093223571777,0.4724923372268677,0.0495879165828228,2.85591197013855,0.02623363770544529,0.5703294277191162,9.999999747378752e-06
0.10448509454727173,0.04220990464091301,0.8116276264190674,0.02174382656812668,0.8724854588508606,0.07670962810516357,0.04791383445262909,1.0390690565109253,0.024746201932430267,0.9527614712715149,9.999999747378752e-06
0.1858358234167099,0.04068775102496147,0.7611564993858337,0.02104780822992325,0.7585758566856384,0.17801810801029205,0.04581548273563385,0.8263704180717468,0.02374887652695179,0.8112089037895203,9.999999747378752e-06
0.27304673194885254,0.0383605994284153,0.7128671407699585,0.019885223358869553,0.6416440010070801,0.31747427582740784,0.04435773566365242,0.7397710084915161,0.0231956597417593,0.6462388634681702,9.999999747378752e-06
0.34777915477752686,0.0374256893992424,0.6692256331443787,0.01951390691101551,0.567520022392273,0.39239123463630676,0.04457419738173485,0.6631801724433899,0.023430153727531433,0.5818876028060913,9.999999747378752e-06
0.43519797921180725,0.03847673907876015,0.6332782506942749,0.02019748091697693,0.5002716183662415,0.4593176543712616,0.044303372502326965,0.630078911781311,0.023427432402968407,0.5156134963035583,9.999999747378752e-06
