accuracy,f1_m,loss,precision_m,recall_m,val_accuracy,val_f1_m,val_loss,val_precision_m,val_recall_m,learning_rate
0.649391233921051,0.0726756826043129,0.6503963470458984,0.04016798734664917,0.5302441120147705,0.8391776084899902,0.0907679870724678,0.5653237700462341,0.05191882327198982,0.4100158214569092,9.999999747378752e-06
0.8736540675163269,0.14368484914302826,0.4985077679157257,0.0917578637599945,0.44251763820648193,0.9347351789474487,0.1573098748922348,0.4570126533508301,0.10922464728355408,0.31528255343437195,9.999999747378752e-06
0.9472305774688721,0.18530213832855225,0.414302259683609,0.15707965195178986,0.2819382846355438,0.9552568793296814,0.14062653481960297,0.3973201811313629,0.1403479278087616,0.17464102804660797,9.999999747378752e-06
0.966289222240448,0.18842920660972595,0.3570903241634369,0.22513049840927124,0.19415435194969177,0.9724838137626648,0.12000882625579834,0.3316101133823395,0.20973162353038788,0.09570721536874771,9.999999747378752e-06
0.9722074270248413,0.17846091091632843,0.31278732419013977,0.2858484983444214,0.14943023025989532,0.9764487743377686,0.10681849718093872,0.2903735041618347,0.2719722390174866,0.07240334898233414,9.999999747378752e-06
0.97418212890625,0.19071227312088013,0.28723442554473877,0.3598230183124542,0.1501954197883606,0.9769869446754456,0.09788966178894043,0.27396464347839355,0.2918955981731415,0.06422659009695053,4.999999873689376e-06
0.9750031232833862,0.21095812320709229,0.2718145251274109,0.41515615582466125,0.1603647917509079,0.9776509404182434,0.10406290739774704,0.2603844106197357,0.32697680592536926,0.06694541126489639,4.999999873689376e-06
