accuracy,f1_m,loss,precision_m,recall_m,val_accuracy,val_f1_m,val_loss,val_precision_m,val_recall_m,learning_rate
0.8655602335929871,0.2848149836063385,0.9394357800483704,0.1734805405139923,0.9221867322921753,0.9547241926193237,0.4100850522518158,0.9510387182235718,0.27593427896499634,0.8512393832206726,0.0010000000474974513
0.9334788918495178,0.40357014536857605,0.9363431930541992,0.25989940762519836,0.9539039731025696,0.9358790516853333,0.3492617905139923,0.9500009417533875,0.2191455364227295,0.9434738159179688,0.0010000000474974513
0.9386551380157471,0.42334049940109253,0.9360305666923523,0.2756660282611847,0.9595181941986084,0.9309706091880798,0.338570237159729,0.9499384760856628,0.21071326732635498,0.9512529373168945,0.0010000000474974513
0.9406862854957581,0.43227458000183105,0.935912013053894,0.28300267457962036,0.9618753790855408,0.9459794759750366,0.38754820823669434,0.9498427510261536,0.2495972067117691,0.9312024116516113,0.0010000000474974513
0.9444130659103394,0.44828319549560547,0.9357730150222778,0.2963584363460541,0.9633907675743103,0.9492979645729065,0.40386855602264404,0.9494059681892395,0.26028940081596375,0.9567388892173767,0.0010000000474974513
0.9439305663108826,0.447342187166214,0.9357308149337769,0.2955608069896698,0.9658036231994629,0.93831467628479,0.3646301031112671,0.9494202733039856,0.22837068140506744,0.9721279144287109,0.0010000000474974513
