accuracy,f1_m,loss,precision_m,recall_m,val_accuracy,val_f1_m,val_loss,val_precision_m,val_recall_m,learning_rate
0.6220957040786743,0.06971600651741028,0.714749813079834,0.03772034868597984,0.5925946235656738,0.3259055018424988,0.0447358675301075,1.344196081161499,0.023324325680732727,0.692291259765625,9.999999747378752e-06
0.8712815046310425,0.12540365755558014,0.5151476263999939,0.07884475588798523,0.4030441343784332,0.8556916117668152,0.03432069346308708,0.5116292238235474,0.021094782277941704,0.11293769627809525,9.999999747378752e-06
0.9436575174331665,0.17740392684936523,0.4236850142478943,0.1428808718919754,0.27953389286994934,0.8516889810562134,0.024772517383098602,0.526378333568573,0.015254261903464794,0.07958044856786728,9.999999747378752e-06
0.9651350378990173,0.19083350896835327,0.3656836152076721,0.21606573462486267,0.19531890749931335,0.9383739233016968,0.0026930433232337236,0.4389617443084717,0.002380532678216696,0.003954359795898199,9.999999747378752e-06
0.9709857702255249,0.1750263273715973,0.3270876705646515,0.25794652104377747,0.14788629114627838,0.9754928350448608,0.0002163303579436615,0.3005125820636749,0.00246095540933311,0.00011809172428911552,9.999999747378752e-06
0.9736688733100891,0.17283761501312256,0.2968437075614929,0.3200596868991852,0.13080185651779175,0.9765615463256836,0.0003506092180032283,0.25305378437042236,0.023612825199961662,0.00017763860523700714,9.999999747378752e-06
